#m(kg),um(kg),1/V(1/mL),u1/V(1/mL)
0.2,0.002,0.435606061,0.038022268
0.3,0.003,0.40257649,0.032621013
0.4,0.004,0.362745098,0.026489812
0.5,0.005,0.332244009,0.02236794
0.6,0.006,0.298245614,0.018036319
0.7,0.007,0.269886364,0.014930914
0.8,0.008,0.239010989,0.01186149
0.9,0.009,0.203125,0.008691406
1,0.01,0.178995841,0.006874034
1.1,0.011,0.14950495,0.004980296