#m(kg),1/V
0.2,435.6060606
0.3,402.5764895
0.4,362.745098
0.5,332.2440087
0.6,298.245614
0.7,269.8863636
0.8,239.010989
0.9,203.125
1,178.9958408
1.1,149.5049505