m(g),m(kg),V(mL),V(L),1/V
200,0.2,2.4,0.0024,416.6666667
300,0.3,2.7,0.0027,370.3703704
400,0.4,3,0.003,333.3333333
500,0.5,3.4,0.0034,294.1176471
600,0.6,3.8,0.0038,263.1578947
700,0.7,4.4,0.0044,227.2727273
800,0.8,5.2,0.0052,192.3076923
900,0.9,6.4,0.0064,156.25
1000,1,7.65,0.00765,130.7189542
1100,1.1,10.1,0.0101,99.00990099